{"cameraMode":{"drawMode":0,"name":"Shaded","section":"Shading Mode"},"sceneLighting":false,"audioPlay":false,"sceneViewState":{"showFog":true,"showMaterialUpdate":false,"showSkybox":false,"showFlares":true,"showImageEffects":true,"showParticleSystems":true},"in2DMode":false,"pivot":{"x":0.17761695384979249,"y":-0.17762622237205506,"z":-1.1138174533843995},"rotation":{"x":0.07012845575809479,"y":0.011071170680224896,"z":0.000772886152844876,"w":-0.997480571269989},"size":0.5623559951782227,"orthographic":false}