{"cameraMode":{"drawMode":0,"name":"Shaded","section":"Shading Mode"},"sceneLighting":false,"audioPlay":false,"sceneViewState":{"showFog":true,"showMaterialUpdate":false,"showSkybox":false,"showFlares":true,"showImageEffects":true,"showParticleSystems":true},"in2DMode":false,"pivot":{"x":-6.546746730804443,"y":3.3873119354248049,"z":-1.461928367614746},"rotation":{"x":-0.010808313265442849,"y":0.9849265813827515,"z":-0.06689007580280304,"w":-0.15914799273014069},"size":172.31207275390626,"orthographic":false}