{"cameraMode":{"drawMode":0,"name":"Shaded","section":"Shading Mode"},"sceneLighting":false,"audioPlay":false,"sceneViewState":{"showFog":true,"showMaterialUpdate":false,"showSkybox":false,"showFlares":true,"showImageEffects":true,"showParticleSystems":true},"in2DMode":false,"pivot":{"x":7.110844612121582,"y":1.9522441625595093,"z":-10.610917091369629},"rotation":{"x":0.04896531626582146,"y":0.016317220404744149,"z":-0.0016080948989838362,"w":0.9986963272094727},"size":1.6560323238372803,"orthographic":false}