{"cameraMode":{"drawMode":0,"name":"Shaded","section":"Shading Mode"},"sceneLighting":false,"audioPlay":false,"sceneViewState":{"showFog":true,"showMaterialUpdate":true,"showSkybox":false,"showFlares":true,"showImageEffects":true,"showParticleSystems":true},"in2DMode":false,"pivot":{"x":-3.7899999618530275,"y":34.58000183105469,"z":0.0},"rotation":{"x":-0.10006843507289887,"y":0.011988227255642414,"z":0.0009596961899660528,"w":0.995403528213501},"size":4.4570794105529789,"orthographic":false}