{"cameraMode":{"drawMode":0,"name":"Shaded","section":"Shading Mode"},"sceneLighting":false,"audioPlay":false,"sceneViewState":{"showFog":true,"showMaterialUpdate":true,"showSkybox":false,"showFlares":true,"showImageEffects":true,"showParticleSystems":true},"in2DMode":false,"pivot":{"x":-4.314000129699707,"y":-0.6370000243186951,"z":-2.4073867797851564},"rotation":{"x":0.004188077058643103,"y":-0.02640003152191639,"z":-0.0001670566271059215,"w":-0.9997062087059021},"size":1.0830622911453248,"orthographic":false}