{"cameraMode":{"drawMode":0,"name":"Shaded","section":"Shading Mode"},"sceneLighting":false,"audioPlay":false,"sceneViewState":{"showFog":true,"showMaterialUpdate":true,"showSkybox":false,"showFlares":true,"showImageEffects":true,"showParticleSystems":true},"in2DMode":false,"pivot":{"x":5.465860366821289,"y":5.910787105560303,"z":2.172830820083618},"rotation":{"x":-0.07163096219301224,"y":0.04344135522842407,"z":0.002239675959572196,"w":0.9969204068183899},"size":4.4570794105529789,"orthographic":false}