{"cameraMode":{"drawMode":0,"name":"Shaded","section":"Shading Mode"},"sceneLighting":false,"audioPlay":false,"sceneViewState":{"showFog":true,"showMaterialUpdate":true,"showSkybox":false,"showFlares":true,"showImageEffects":true,"showParticleSystems":true},"in2DMode":false,"pivot":{"x":0.15753351151943208,"y":2.6859288215637209,"z":8.54000473022461},"rotation":{"x":0.03568873554468155,"y":-0.003870540764182806,"z":-0.00022206325957085937,"w":-0.9995395541191101},"size":14.179377555847168,"orthographic":false}