{"cameraMode":{"drawMode":0,"name":"Shaded","section":"Shading Mode"},"sceneLighting":false,"audioPlay":false,"sceneViewState":{"showFog":true,"showMaterialUpdate":true,"showSkybox":false,"showFlares":true,"showImageEffects":true,"showParticleSystems":true},"in2DMode":false,"pivot":{"x":9.860614776611329,"y":-0.14576540887355805,"z":11.919032096862793},"rotation":{"x":0.03115217760205269,"y":-0.04586469754576683,"z":-0.0014895519707351924,"w":-0.9985264539718628},"size":22.0,"orthographic":false}