{"cameraMode":{"drawMode":0,"name":"Shaded","section":"Shading Mode"},"sceneLighting":false,"audioPlay":false,"sceneViewState":{"showFog":true,"showMaterialUpdate":true,"showSkybox":false,"showFlares":true,"showImageEffects":true,"showParticleSystems":true},"in2DMode":false,"pivot":{"x":467.543701171875,"y":147.8623809814453,"z":1419.6552734375},"rotation":{"x":0.013745740987360478,"y":0.046472251415252689,"z":-0.0018726427806541324,"w":0.999411940574646},"size":2283.035888671875,"orthographic":false}