{"cameraMode":{"drawMode":0,"name":"Shaded","section":"Shading Mode"},"sceneLighting":false,"audioPlay":false,"sceneViewState":{"showFog":true,"showMaterialUpdate":true,"showSkybox":false,"showFlares":true,"showImageEffects":true,"showParticleSystems":true},"in2DMode":false,"pivot":{"x":2.2971532344818117,"y":0.14896996319293977,"z":-0.5505238175392151},"rotation":{"x":-0.04227543622255325,"y":0.03508865833282471,"z":-0.001575264846906066,"w":-0.9986715316772461},"size":3.968944549560547,"orthographic":false}