{"cameraMode":{"drawMode":0,"name":"Shaded","section":"Shading Mode"},"sceneLighting":false,"audioPlay":false,"sceneViewState":{"showFog":true,"showMaterialUpdate":true,"showSkybox":false,"showFlares":true,"showImageEffects":true,"showParticleSystems":true},"in2DMode":false,"pivot":{"x":-0.04148218035697937,"y":-2.772613763809204,"z":1.846658706665039},"rotation":{"x":-0.052789416164159778,"y":0.008085801266133786,"z":-0.0007613839115947485,"w":-0.9987218379974365},"size":6.851220607757568,"orthographic":false}