{"cameraMode":{"drawMode":0,"name":"Shaded","section":"Shading Mode"},"sceneLighting":false,"audioPlay":false,"sceneViewState":{"showFog":true,"showMaterialUpdate":true,"showSkybox":false,"showFlares":true,"showImageEffects":true,"showParticleSystems":true},"in2DMode":false,"pivot":{"x":-4.192104816436768,"y":34.47905731201172,"z":2.413264274597168},"rotation":{"x":0.03182974085211754,"y":-0.03153563290834427,"z":0.00012035822874167934,"w":0.999431848526001},"size":4.4570794105529789,"orthographic":false}