{"cameraMode":{"drawMode":0,"name":"Shaded","section":"Shading Mode"},"sceneLighting":false,"audioPlay":false,"sceneViewState":{"showFog":true,"showMaterialUpdate":true,"showSkybox":false,"showFlares":true,"showImageEffects":true,"showParticleSystems":true},"in2DMode":false,"pivot":{"x":-0.16820713877677918,"y":9.25226879119873,"z":1.3011798858642579},"rotation":{"x":-0.022180233150720598,"y":-0.059957560151815417,"z":-0.000997874652966857,"w":0.9984549880027771},"size":4.4570794105529789,"orthographic":false}