{"cameraMode":{"drawMode":0,"name":"Shaded","section":"Shading Mode"},"sceneLighting":false,"audioPlay":false,"sceneViewState":{"showFog":true,"showMaterialUpdate":true,"showSkybox":false,"showFlares":true,"showImageEffects":true,"showParticleSystems":true},"in2DMode":false,"pivot":{"x":-8.289999961853028,"y":0.9599999785423279,"z":0.0},"rotation":{"x":-0.1746218353509903,"y":0.056643106043338779,"z":-0.010405645705759526,"w":-0.9830952882766724},"size":1.9171241521835328,"orthographic":false}