{"cameraMode":{"drawMode":0,"name":"Shaded","section":"Shading Mode"},"sceneLighting":false,"audioPlay":false,"sceneViewState":{"showFog":true,"showMaterialUpdate":true,"showSkybox":true,"showFlares":true,"showImageEffects":true,"showParticleSystems":true},"in2DMode":false,"pivot":{"x":-105.99732208251953,"y":-202.79930114746095,"z":2129.660888671875},"rotation":{"x":-0.048386480659246448,"y":0.023341592401266099,"z":0.002277217572554946,"w":-0.999167799949646},"size":2173.122802734375,"orthographic":false}