{"cameraMode":{"drawMode":0,"name":"Shaded","section":"Shading Mode"},"sceneLighting":false,"audioPlay":false,"sceneViewState":{"showFog":true,"showMaterialUpdate":true,"showSkybox":false,"showFlares":true,"showImageEffects":true,"showParticleSystems":true},"in2DMode":false,"pivot":{"x":1.446313500404358,"y":-0.5644466876983643,"z":1.8946658372879029},"rotation":{"x":-0.057285208255052569,"y":-0.017370883375406266,"z":0.000645609456114471,"w":-0.998357355594635},"size":4.956457138061523,"orthographic":false}