{"cameraMode":{"drawMode":0,"name":"Shaded","section":"Shading Mode"},"sceneLighting":false,"audioPlay":false,"sceneViewState":{"showFog":true,"showMaterialUpdate":true,"showSkybox":false,"showFlares":true,"showImageEffects":true,"showParticleSystems":true},"in2DMode":false,"pivot":{"x":0.11526741087436676,"y":0.3713807761669159,"z":1.7994384765625},"rotation":{"x":0.029638249427080156,"y":-0.053357139229774478,"z":-0.0017440828960388899,"w":-0.9982648491859436},"size":4.4570794105529789,"orthographic":false}